RST_NAME,LC_LA,LC_LO,RST_CATEGORY,VEGAN_MENU,RST_ADDR,RST_TEL
52푸드,35.1271974,126.9121064,카페,비건오트라떼.비건블랙라떼,광주광역시 남구 봉선중앙로68번길 5,1544-3027
초량온당,35.1234207,129.041547,베이커리.카페,비건 단호박 파운드.비건 단호박 파운드.비건 쑥 파운드.비건 쑥 파운드,부산광역시 동구 초량중로 135,010-2137-1271
도이첸,35.0133179,126.7919712,양식,베지테리언(M).베지테리언(L),전라남도 나주시 호수로 86,010-2154-4885
비정제,37.5098516,127.1105857,기타,비건으로 변경,서울특별시 송파구 오금로18길 9,010-2419-5355
꼼빠뇽베이커리,35.1411548,129.0557867,베이커리.카페,쑥팥빵(비건).호두크랜베리빵(비건).호두크랜베리빵(비건).올리브치아바타(비건).올리브치아바타(비건).무화과빵(비건).무화과빵(비건).탕종식빵(비건).탕종식빵(비건).쑥식빵(비건).치아바타(비건).치아바타(비건).밤식빵(비건).밤식빵(비건).쑥식빵(비건).쑥팥빵(비건).통호밀빵(비건).통호밀빵(비건),부산광역시 동구 범곡로28번길 16,010-2425-3266
꼼빠뇽베이커리,35.1411548,129.0557867,베이커리.카페,밤식빵(비건).밤식빵(비건).쑥식빵(비건).통호밀빵(비건).통호밀빵(비건).쑥팥빵(비건).쑥팥빵(비건).호두크랜베리빵(비건).호두크랜베리빵(비건).치아바타(비건).올리브치아바타(비건).올리브치아바타(비건).무화과빵(비건).무화과빵(비건).탕종식빵(비건).탕종식빵(비건).쑥식빵(비건).치아바타(비건),부산광역시 동구 범곡로28번길 16,010-2425-3266
마르뜨,37.5565495,126.9048211,카페,비건 팥빙수,서울특별시 마포구 포은로 106-1,010-2638-3442
테르찌 커피,34.4812765,126.2692198,카페,히비스커스 비건디,전라남도 진도군 진도읍 동외1길 8,010-3324-7118
진실롱,37.5297624,126.9245374,카페,비건그라놀라.비건파운드.비건쿠키,서울특별시 영등포구 은행로 54,010-3390-4663
작은부엌,33.5116944,126.7059002,기타,비건채식풀코스,제주특별자치도 제주시 조천읍 선흘동2길 1,010-4699-3179
고블린 피자,37.5928156,126.9652498,양식,베지테리안(M).베지테리안(L),서울특별시 종로구 창의문로 138,010-5568-1876
소랑햄수다,33.4986739,126.5202544,카페,오스트리아 비건 음료,제주특별자치도 제주시 서사로21길 4,010-6235-3773
코앤텍스트,37.4729875,126.636685,카페,스모디보울(논비건).스무디보울(비건),인천광역시 동구 송림로 12,010-6616-9763
더순수브레드,35.8808588,128.5969432,베이커리.카페,비건 자색고구마 찹쌀 쌀빵.비건 100% 통밀빵.비건 밤쌀빵.비건 크림 쌀빵.비건 크림 쌀빵.비건 자색고구마 찹쌀 쌀빵.비건 밤쌀빵.비건 시나몬뱅 쌀빵.비건 시나몬뱅 쌀빵.비건 블루베리 쌀빵.비건 블루베리 쌀빵.비건 씨앗호떡 쌀빵.비건 씨앗호떡 쌀빵.비건 100% 통밀빵,대구광역시 북구 중앙대로 540,010-8290-1427
베이글 베이글 베이글,35.1474237,126.9221328,양식.카페,비건 베이글.비건 베이글.비건.비건,광주광역시 동구 제봉로 102,010-8372-7718
세자매바른빵,35.1736787,129.0659795,베이커리.카페,야채식빵.야채식빵,부산광역시 부산진구 범양로120번길 6,010-8375-3816
이토스,35.865949,128.5976287,양식,비건 칼조네,대구광역시 중구 동성로3길 12-3,010-8592-9385
팜투하:녹,37.2835095,127.0113908,카페,풀드포크베리파니니(비건풀드포크),경기도 수원시 팔달구 신풍로23번길 63-18,010-8654-8120
카페스프라우츠,37.7714159,128.9170539,카페,비건 라자냐,강원도 강릉시 하평5길 17,010-8716-1866
로로그린,37.4845525,127.1223042,베이커리.카페,당근케이크 비건 무설탕 글루텐프리.블루베리 크럼블 비건 노밀가루.블루베리 크럼블 비건 노밀가루.두부티라미수 비건 글루텐프리.두부티라미수 비건 글루텐프리.당근케이크 비건 무설탕 글루텐프리.비건 푸딩 글루텐프리 무스 노한천.비건 푸딩 글루텐프리 무스 노한천,서울특별시 송파구 법원로8길 13,010-9069-4532
은가비,37.2805907,127.2317813,카페,에멘탈치즈야채식빵,경기도 용인시 처인구 포곡읍 포곡로285번길 6-4,010-9131-0222
식빵굽는남자,36.9067222,127.543254,베이커리.카페,햄치즈야채식빵.햄치즈야채식빵,충청북도 음성군 맹동면 대하2길 17,010-9995-6974
더캐스크,37.5504239,126.9198183,기타,비건육포.비건샐러드,서울특별시 마포구 잔다리로3안길 27,02-1644-7574
피자연합,37.5217,126.8965675,양식,베지테리안L,서울특별시 영등포구 당산로10길 8,02-2068-5977
SUN THE BUD,37.5261889,127.0417247,양식,비건 초리조 타코.비건 시저 샐러드.비건 그릴 치즈 샌드위치.언리미트비건 버거,서울특별시 강남구 압구정로60길 18,02-2138-1377
에볼루션,37.5203215,127.0285041,양식,더 비건 샐러드,서울특별시 강남구 도산대로 203,02-2160-8989
로컬릿,37.5409746,127.0147495,양식,비건 바질 파스타,서울특별시 성동구 한림말길 33,02-2282-1124
스무디킹,37.5172058,126.903714,카페,비건초콜릿칩머핀+스무디세트.비건애플크럼블케익+스무디세트.비건초콜릿칩머핀+커피세트.비건애플크럼블케익+커피세트,서울특별시 영등포구 영중로 15,02-2638-2650
낙원,37.5471992,126.819123,한식,채식 상차림,서울특별시 강서구 방화대로 94,02-2660-9010
봉래헌,37.5471992,126.819123,한식,채식,서울특별시 강서구 방화대로 94,02-2660-9020
바리,37.5636696,126.976307,기타,비건크림수프.비건크림수프,서울특별시 중구 서소문로 138,02-310-9593
카우떡볶이,37.5595846,126.9439602,한식,비건 떡볶이.비건 감자마요밥.비건 고추장고기볶음밥.비건 쫄라당.비건 짜장떡볶이.비건 단호박.비건 새송이.비건 로제떡볶이.비건 까르보나라.비건 김말이.비건 고구마,서울특별시 서대문구 이화여대길 88-21,02-313-9999
더플레이스,37.5684246,126.9782701,양식,비건 미트 샐러드,서울특별시 중구 세종대로 136,02-318-0913
쿡앤북,37.5462624,126.9163339,카페,비건요거트와 요트밀+제철과일.베지버거와 현미밥(비건데미글라즈소스와 야채).자연식 녹차현미도넛츠와 비건 아이스크림.자연식 두부브라우니와 비건아이스크림.컬리플라워 스테이크(비건 요거트소스).비건 모짜렐라 라자냐(허무스와 통밀빵).비건두유 아이스크림(토핑 구운아몬드).비건 버팔로윙스(캐슈넛크림소스&#38;현미밥).비건두유 아이스크림(라즈베리소스),서울특별시 마포구 성지3길 61,02-325-1028
헬로헬로쑬,37.5559114,126.9260068,기타,퓨전 냉 파스타(비건),서울특별시 마포구 와우산로29바길 12,02-334-3243
잇다프로젝트,37.5644726,126.9256941,양식,파스타(토마토/비건),서울특별시 마포구 성미산로31길 14,02-335-2258
더메리어,37.4995539,127.0313935,양식,아보카도 포 비건,서울특별시 강남구 테헤란로 123,02-335-3600
아이엠어버거,37.5541552,126.9299687,양식,비건 패티로 변경,서울특별시 마포구 와우산로30길 13,02-338-8507
휴가,37.6348572,126.9195953,카페,비건살시챠,서울특별시 은평구 진관2로 19,02-352-7400
미스터피자,37.5586757,126.946346,양식,트러플베지테리안(R).트러플베지테리안(L),서울특별시 서대문구 이화여대8길 10,02-363-3355
로드샌드위치,37.5644288,126.9444221,양식,베지 or 비건,서울특별시 서대문구 연대동문길 45,02-363-4554
피자유니온,37.5457208,127.0772586,양식,베지테리안L,서울특별시 광진구 광나루로 432,02-453-3650
날일달월,37.5503756,127.1092971,기타,생채식 진지,서울특별시 광진구 아차산로78길 7,02-457-0102
캘리포니아피자키친,37.5000263,127.0365456,양식,비건 음료(라임).비건 음료(블러드 오렌지),서울특별시 강남구 테헤란로 152,02-508-5871
인딕슬로우,37.5218999,127.0203335,기타,베지테리언,서울특별시 강남구 압구정로4길 13,02-511-0139
남미 플랜트 랩,37.4806186,126.9832433,기타,비건 먹물 파스타,서울특별시 서초구 방배천로4안길 55,02-522-1276
일무레또,37.5218217,127.0255465,양식,MARINATED CERIGNOLA OLIVES(비건).RUCOLA SALAD(비건),서울특별시 강남구 논현로157길 33,02-540-0401
마사 타코,37.5220013,127.0217585,양식,채식주의 자 케사디아,서울특별시 강남구 압구정로10길 30-8,02-545-6915
빵어니스타,37.5223341,127.0258456,베이커리.카페,비건 다크초콜릿 스트로베리.비건 다크초콜릿 현미크런치.비건 다크초콜릿 현미크런치.비건 다크초콜릿 스트로베리,서울특별시 강남구 도산대로25길 43,02-546-7768
코레아노스 키친,37.5261699,127.0377307,양식,베지테리안 퀘사디아.베지테리안 부리또,서울특별시 강남구 선릉로157길 25,02-547-4427
캘리포니아 피자 키친,37.5116621,127.0594275,양식,비건 음료(라임).메인 토핑(비건 고기).캘리포니아 파워볼(비건 고기).비건 음료(블러드 오렌지),서울특별시 강남구 영동대로 513,02-551-6500
쏭타이,37.5056887,127.0402933,기타,쏨탐(비건).팍붕화이뎅(비건).똠얌꿍(비건).팟타이(비건).팟카파오무쌉(비건).까이팟맷마무어(비건),서울특별시 강남구 테헤란로39길 51,02-554-0342
미스터피자,37.5014221,127.0350367,양식,트러플베지테리안(R).트러플베지테리안(L),서울특별시 강남구 테헤란로25길 11,02-555-2543
스노우폭스,37.4976709,127.029341,일식,다이어트 비건 롤,서울특별시 강남구 테헤란로4길 6,02-556-8082
스노우폭스,37.5000263,127.0365456,일식,다이어트 비건 롤,서울특별시 강남구 테헤란로 152,02-558-8082
커피레이,37.4981124,127.0576716,카페,수제 채식 호두파이(한판).수제 채식 호두파이,서울특별시 강남구 도곡로 433,02-565-2226
더플레이스,37.5116621,127.0594275,양식,비건 미트 샐러드,서울특별시 강남구 영동대로 513,02-6002-1150
밥장인 돼지찌개,37.5567253,126.9254822,한식,비건감자찌개변경.비건감자찌개(1인기준),서울특별시 마포구 양화로18안길 16,02-6052-1833
캘리포니아피자키친,37.5713698,126.8029604,양식,비건 음료(패션 후르츠).비건 음료(블러드 오렌지).비건 음료(라임),서울특별시 강서구 하늘길 38,02-6116-5835
슬런치,37.545865,126.9208467,양식,비건치즈&#38;애플피자 플래터,서울특별시 마포구 와우산로3길 38,02-6367-9870
더플레이스,37.5555057,126.9737678,양식,비건 미트 샐러드,서울특별시 중구 한강대로 416,02-6456-8968
칙피스,37.519129,127.0247611,양식,비건 샐러드.비건버거.비건 샥슈카,서울특별시 강남구 강남대로152길 69,02-6956-6780
옐로우피자,37.5494611,126.9359991,양식,베지테리언(L).베지테리언(M),서울특별시 마포구 광성로 28,02-702-6107
워터스트리트,37.5410726,126.9898766,카페,오트카피라떼-비건라떼,서울특별시 용산구 회나무로13가길 3-9,02-720-0789
한과채밥집,37.5743587,126.9857345,기타,채식뷔페 1인,서울특별시 종로구 인사동10길 13,02-720-2802
꽃. 밥에 피다,37.5752881,126.984025,한식,비건코스 완전 소중한 꽃밥.비건코스 건강한 밥상,서울특별시 종로구 인사동16길 3-6,02-732-0276
오세계향,37.5746954,126.9852674,한식,비건짜장면(L).비건짜장면((M).비건짬뽕(M).비건짬뽕(L),서울특별시 종로구 인사동12길 14-5,02-735-7171
뉴문,37.5726246,126.970994,중식,트러플오일 비건 자장면,서울특별시 종로구 경희궁2길 6,02-739-7575
비건비거닝,37.5030383,127.0491231,카페,K-유기농 비건 시그니처 Gift Set.비건 버터 추가,서울특별시 강남구 선릉로85길 6,02-740-5060
페르시안궁전,37.5849114,126.9975637,기타,비건까스,서울특별시 종로구 성균관로6길 9,02-763-6050
워터밀,37.5734278,126.9901184,양식,비건 토마토 라따뚜이 숏 파스타,서울특별시 종로구 수표로28길 33-7,02-763-8877
식탁의 목적,37.5832058,126.9996779,한식,채식약밥,서울특별시 종로구 대명길 34,02-764-5696
운산,37.5292711,126.9248993,한식,채식정식,서울특별시 영등포구 여의공원로 101,02-780-6333
마치래빗,37.5220183,126.93006,기타,해피비건,서울특별시 영등포구 국제금융로8길 2,02-780-7003
차이나프로,37.5296087,126.9215695,중식,잡채식사,서울특별시 영등포구 국회대로74길 20,02-783-0150
미스터피자,37.5210051,126.9238388,기타,트러플베지테리안(오리진/R).트러플베지테리안(오리진/L),서울특별시 영등포구 의사당대로 108,02-784-0005
카니발피자,37.5305277,126.9213341,양식,베지테리안콤비네이션피자(WHOLE).베지테리안콤비네이션피자(HALF),서울특별시 영등포구 국회대로74길 9,02-784-0749
초록바구니,37.6645541,126.7545266,한식,채식한정식.채식테이스팅+와인음료페어링.채식한정식+와인음료페어링.비건채식.채식테이스팅,경기도 고양시 일산서구 한류월드로 300,02-790-3421
타르틴,37.5344274,127.0085312,베이커리.카페,렌틸 코코넛 커리스프(비건).렌틸 코코넛 커리스프(비건),서울특별시 용산구 한남대로18길 22,02-792-2423
봄베그릴,37.5332001,126.9962438,기타,채식주의 커리 런치세트,서울특별시 용산구 우사단로10길 11,02-792-7155
쏭타이,37.5337136,126.9926749,기타,쏨탐(비건).까이팟맷마무어(비건).팍붕화이뎅(비건).똠양꿍(비건).팟타이(비건).팟카파오무쌉(비건),서울특별시 용산구 이태원로20가길 7-2,02-798-2495
미스터피자,37.5036396,126.9214605,양식,베지테리안(오리진/R).베지테리안(오리진/L).베지테리안(치즈캡/R).베지테리안(치즈캡/L),서울특별시 영등포구 여의대방로 185,02-832-1507
미스터피자,37.6564802,127.0630002,양식,트러플베지테리안(R).트러플베지테리안(L),서울특별시 노원구 상계로 71,02-935-3325
카페반창고,37.5925749,127.0516833,카페,채식 당근 케이크,서울특별시 동대문구 경희대로1가길 18,02-969-4254
미스터피자,37.6026992,127.0795743,양식,트러플베지테리안(R/오리진).트러플베지테리안(L/오리진),서울특별시 중랑구 동일로 808,02-972-7479
땡스얼랏,37.2936189,127.0530776,카페,비건 라떼.비건 라떼(ICE),경기도 수원시 영통구 센트럴파크로127번길 106,031-212-3054
땡스얼랏,37.2936189,127.0530776,카페,비건 라떼(ICE).비건 라떼,경기도 수원시 영통구 센트럴파크로127번길 106,031-212-3054
미스터피자,37.2745205,127.0435641,양식,트러플베지테리안(L).트러플베지테리안(R),경기도 수원시 영통구 중부대로 254,031-213-5004
이츠굿 베이커리,37.2758482,127.0718775,베이커리.카페,야채식빵(큐브).야채식빵(큐브).야채식빵(미듐).야채식빵(미듐),경기도 용인시 기흥구 흥덕2로87번길 18,031-215-2799
필디스모먼트,37.2529876,127.0109167,카페,노비건 조각 케이크(오렌지얼그레이).비건호두파이(통밀).비건 바나나 브레드(통밀/no오일).비건 병아리콩 르뱅쿠키(통밀).비건 쑥 파운드.비건 스콘 7종(통밀/플레인).비건 스콘 7종(통밀/초코).비건 스콘 7종(통밀/말차).노비건 조각 케이크(그린티누텔라).비건 스콘 7종(통밀/흑임자).비건 스콘 7종(통밀/자색고구마).비건&글루텐프리 초코머핀(쌀).비건&글루텐프리 쿠키(쌀/초코).비건&글루텐프리 쿠키(쌀/얼그레이).비건 스콘 7종(통밀/쑥).비건&글루텐프리 쿠키(쌀/쑥).노비건 조각 케이크(다크오레오).비건 스콘 7종(통밀/얼그레이).노비건 조각 케이크(초코그린마블).노비건 조각 케이크(레드벨벳),경기도 수원시 권선구 정조로495번길 7-9,031-236-0908
미스터피자,37.2975031,127.0056297,양식,트러블베지테리안(R).트러블베지테리안(L),경기도 수원시 장안구 송원로 19,031-244-4118
피자연합,37.3031483,127.0080449,양식,베지테리안(M).베지테리안(L),경기도 수원시 장안구 경수대로 940,031-245-1415
카페노리,37.2930327,127.006335,카페,한끼샐러드(채식),경기도 수원시 장안구 영화로71번길 2,031-258-8418
미스터피자,37.2976683,126.8501978,양식,트러플베지테리안(오리진/R).트러플베지테리안(오리진/L),경기도 안산시 상록구 석호로 161,031-416-3300
미스터피자,37.3952765,126.9187105,양식,트러플베지테리안 오리진(R).트러플베지테리안 오리진(L),경기도 안양시 만안구 장내로 92,031-469-5114
꼬타루,37.6252012,127.155394,베이커리.카페,비건불고기 파니니.비건불고기 파니니.비건바질 파니니.비건바질 파니니,경기도 남양주시 다산순환로 356,031-565-3030
미스터 피자,37.6490736,127.1208429,양식,트러플베지테리안(R).트러플베지테리안(L),경기도 남양주시 별내중앙로 83,031-575-9412
미스터피자,37.0672495,127.0612602,양식,트러플베지테리안(오리진/L).트러플베지테리안(오리진/R),경기도 평택시 관광특구로 21,031-611-7710
제이스팟,37.3942381,127.1103138,일식,베지테리언(lunch).베지테리언(Dinner),경기도 성남시 분당구 판교역로 152,031-622-7179
미스터피자,37.4116424,127.1276327,양식,트러플베지테리안(오리진/L).트러플베지테리안(오리진/R),경기도 성남시 분당구 야탑로69번길 24-8,031-703-7676
파스타 진,37.4509933,127.1606991,양식,베지테리언토마토,경기도 성남시 중원구 산성대로442번길 7,031-747-6124
오라운트,37.3713398,127.2463695,베이커리.카페,비건 라떼.비건 라떼,경기도 광주시 오포읍 양벌로 320-4,031-762-3793
미스터피자,37.3494661,127.3401445,양식,트러플베지테리안(오리진/R).트러플베지테리안(오리진/L),경기도 광주시 곤지암읍 곤지암로 59,031-763-2017
미스터피자,37.5412085,127.20697,양식,트러플베지테리안(L).트러플베지테리안(R),경기도 하남시 하남대로 815,031-792-6363
미스터피자,37.2092207,127.0671122,양식,트러플베지테리안L.트러플베지테리안R,경기도 화성시 동탄시범한빛길 27,031-8003-2178
미스터피자,37.1305696,126.9228443,양식,트러플베지테리안(오리진/L).트러플베지테리안(오리진/R),경기도 화성시 향남읍 행정중앙2로 69-19,031-8059-1544
미스터피자,37.7432941,127.048917,양식,트러플베지테리안(R).트러플베지테리안(L),경기도 의정부시 호국로 1302,031-829-9077
미스터피자,37.3003364,127.0717995,양식,트러플베지테리안(R).트러플베지테리안(L),경기도 용인시 수지구 광교중앙로 338,031-896-0707
미스터피자,37.712113,126.7451347,양식,트러플베지테리안(R).트러플베지테리안(L),경기도 파주시 와석순환로 133,031-941-9289
케일리팜 키친,37.7155825,126.7647451,양식,비건 포케보울,경기도 파주시 송학1길 126-29,031-946-3457
미스터피자,37.8582919,126.7858552,양식,트러플베지테리안(L).트러플베지테리안(R),경기도 파주시 문산읍 문향로 74,031-952-1100
미스터피자,37.647206,126.6712619,양식,트러플베지테리안(L).트러플베지테리안(R),경기도 김포시 김포한강1로97번길 10-4,031-996-4958
캘리포니아피자키친,37.4059982,126.6836221,양식,크리스피 베이컨/새우/그릴드 치킨/비건 고기.비건 음료,인천광역시 연수구 청능대로 210,032-456-4390
샐러드스토리 샐리,37.5177391,126.7061812,기타,다이어트파스타(비건볼로네즈소스).다이어트토마토스튜(비건),인천광역시 부평구 평천로142번길 49,032-515-4959
미스터피자,37.5616189,126.6734667,양식,트러플베지테리안(L).트러플베지테리안(L./Cheese Cap).트러플베지테리안(R).트러플베지테리안(R/Cheese Cap),인천광역시 서구 승학로 446,032-568-5965
에이치123,37.3816291,126.657917,양식.카페,채식주의자가 좋아하는 풀모음(비건 샐러드).채식주의자도 버거를 먹는다(비건버거).채식주의자도 버거를 먹는다(비건버거).채식주의자가 좋아하는 풀모음(비건 샐러드),인천광역시 연수구 송도국제대로 123,032-727-2123
옐로우피자,37.4893398,126.5104955,양식,베지테리언(Large).베지테리언(Medium),,032-751-9100
예전,37.4743951,126.5976383,양식,베지테리언피자(L).베지테리언피자(S),인천광역시 중구 월미문화로 43-2,032-772-2256
누벨퀴진,37.8581235,127.7576266,기타,구운채소 통밀빵 샌드위치(비건),강원도 춘천시 동내면 외솔길19번길 71,033-263-7778
레스또란떼,37.7572911,128.0032223,양식,비건식 샐러드,강원도 홍천군 화촌면 서울양양고속도로 84,033-436-3000
미스터피자,37.520579,129.1144663,양식,트러플베지테리안(L).트러플베지테리안(R),강원도 동해시 중앙로 223,033-534-0877
미스터피자,37.4438518,129.1654523,양식,트러플베지테리안(R).트러플베지테리안(L),강원도 삼척시 척주로 16,033-575-1577
정혜영쿡,37.8320494,128.871503,양식,비건스테이크정식.비건까스정식,강원도 강릉시 사천면 본동길 242,033-647-6268
달래촌,37.9244662,128.7284535,한식,비건샐러드,강원도 양양군 현남면 화상천로 634,033-673-2201
미스터피자,36.6894879,126.8300397,양식,트러플베지테리안(R).트러플베지테리안(L),충청남도 예산군 예산읍 역전로 116,041-334-1112
미스터피자,36.8069929,127.148221,양식,트러플베지테리안(오리진/L).트러플베지테리안(오리진/R),충청남도 천안시 동남구 옛시청길 8,041-523-3637
피자유니온,36.9238857,127.0476082,양식,베지테리안(M).베지테리안(L),충청남도 아산시 둔포면 둔포로 130-23,041-532-7179
산들,36.8314203,127.1870353,기타,채식 뷔페(성인).채식 뷔페(초등학생).채식 뷔페(유아),충청남도 천안시 동남구 각원사길 150,041-558-5500
미스터피자,36.8778755,127.1568547,양식,트러플베지테리안(오리진/R).트러플베지테리안(오리진/L),충청남도 천안시 서북구 성거읍 봉주로 93,041-583-1577
미스터피자,36.2812379,126.9102749,양식,트러플베지테리안(오리진/R).트러플베지테리안(오리진/L),충청남도 부여군 부여읍 사비로 97,041-837-1177
미스터피자,36.3277854,127.426044,양식,트러플베지테리안(L).트러플베지테리안(R),대전광역시 중구 대종로 487,042-252-8899
태원,36.3461794,127.3817017,중식,채식짬뽕.채식매운짜장면.채식짬뽕밥.채식짜장면.채식잡채밥.채식매운짬뽕.채식짜장밥.채식야끼짬뽕(中).채식찜만두(6개).채식우동.채식양장피.채식쟁반짜장(小).채식쟁반짜장(中).채식송이짬뽕.채식마파두부밥.채식야끼짬뽕(小).채식피망잡채밥.채식잡채.채식야끼짬뽕밥.채식마파두부.채식고추잡채 꽃빵.채식잡채 꽃빵,대전광역시 서구 문정로 19,042-488-8838
미스터피자,36.3053459,127.3522323,양식,트러플베지테리안(R).트러플베지테리안(L),대전광역시 서구 계백로 1161,042-544-8077
미스터피자,36.3502326,127.43892,양식,트러플베지테리안(오리진/R).트러플베지테리안(오리진/L),대전광역시 동구 동서대로 1705,042-626-7799
미스터피자,36.3502326,127.43892,양식,트러플베지테리안(오리진/R).트러플베지테리안(오리진/L),대전광역시 동구 동서대로 1705,042-626-7799
정김밥,36.3555747,127.3770799,한식,비건김밥,대전광역시 서구 둔산북로 22,042-710-0777
플레이버거,36.3966928,127.4046035,양식,베지테리언버거,대전광역시 유성구 전민로46번길 78,042-863-7336
미스터피자,36.7160481,127.4229181,양식,트러플베지테리안(L).트러플베지테리안(R),충청북도 청주시 청원구 오창읍 과학산업2로 379,043-213-7701
빵촌,36.6803507,127.1972621,베이커리.카페,야채식빵.야채식빵,,044-868-0044
미스터피자,35.1695609,129.178542,양식,트러플베지테리안(R).트러플베지테리안(L),부산광역시 해운대구 세실로 48,050-4109-6100
미스터피자,37.5810706,126.9259133,양식,트러플베지테리안(오리진/L).트러플베지테리안(오리진/R),서울특별시 서대문구 거북골로 10,050-4570-6327
미스터피자,37.5248506,127.0248599,양식,트러플베지테리안(R).트러플베지테리안(L),서울특별시 강남구 압구정로20길 7,050-7964-1435
미스터피자,37.5509213,126.8359753,양식,트러플베지테리안(R).트러플베지테리안(L),서울특별시 강서구 강서로 281,050-7964-1436
미스터피자,35.0569858,128.9712745,양식,트러플베지테리안(L).트러플베지테리안(R),부산광역시 사하구 다대로 551,051-264-1223
미스터피자,35.0972344,128.9248593,양식,트러플베지테리안(R).트러플베지테리안(L),부산광역시 강서구 명지국제8로 296,051-292-1577
미스터피자,35.128444,128.9694841,양식,트러플베지테리안(R).트러플베지테리안(L),부산광역시 사상구 낙동대로 751,051-311-1175
피자연합,35.0765355,129.0719843,양식,베지테리안L,부산광역시 영도구 동삼로28번길 7,051-405-4666
미스터피자,35.1898928,129.0719345,양식,트러플베지테리안(오리진/L/471kcal/2조각 183g/총 10조각 917g).트러플베지테리안(오리진/R/373kcal/2조각 141g/총 8조각 562g),부산광역시 연제구 월드컵대로 232,051-504-1521
편한집밥,35.2114876,129.0262475,한식,비건 오징어 튀김(大).비건 오징어 튀김(小).비건 무알콜 맥주,부산광역시 북구 만덕3로 28-10,051-516-1488
에코토피아,35.1416694,129.1095586,카페,채식 감자라면,부산광역시 수영구 수영로408번길 28,051-628-2802
더플레이스,35.0983052,129.0367023,양식,비건 미트 샐러드,부산광역시 중구 중앙대로 2,051-678-3106
팜트리,35.1868962,129.2043294,카페,비건 팟 카파오 시금치 무쌉,부산광역시 해운대구 송정중앙로9번길 88,051-704-1409
포르타나,35.1555173,129.1220877,양식,베지테리언,부산광역시 수영구 광안로61번길 60,051-741-1052
포르타나,35.1642735,129.1577588,양식,베지테리언,부산광역시 해운대구 우동1로20번길 21,051-741-1131
코키펍,35.1627175,129.1599612,기타,비건 샌드위치,부산광역시 해운대구 구남로 13-1,051-744-1207
카페해운대1994,35.1629713,129.1584586,카페,1994두유그릭요거트(비건/100g),부산광역시 해운대구 해운대로 620,051-744-1994
얼스톤,35.1642747,129.1637131,양식,비건 치즈케이크,부산광역시 해운대구 중동2로26번길 5,051-746-9100
조선델리,35.1558165,129.1540569,베이커리.카페,베지테리언 샌드위치.베지테리언 샌드위치,부산광역시 해운대구 동백로 67,051-749-7003
피자연합,35.1807067,129.1073459,양식,베지테리안(M).베지테리안(L),부산광역시 연제구 과정로 104,051-751-1570
피자연합,35.148092,129.0193169,양식,베지테리안L,부산광역시 부산진구 엄광로 30,051-898-1570
리틀티가든,35.6177852,129.0738843,카페,비건 가든 샐러드,울산광역시 울주군 상북면 신기길 50-1,052-211-6805
차미,35.5703148,129.1227565,한식,토마토 채식카레,울산광역시 울주군 언양읍 읍성로 133,052-254-4409
봄,35.535375,129.316037,한식,비건김밥,울산광역시 남구 삼산로77번길 10,052-933-0808
미스터피자,35.8887489,128.5918283,양식,트러플베지테리안(R).트러플베지테리안(L),대구광역시 북구 침산로 138,053-357-0066
미스터피자,35.9202828,128.5989673,양식,트러플베지테리안(R).트러플베지테리안(L),대구광역시 북구 호국로 207,053-956-9554
미스터피자,35.870882,128.7258101,양식,트러플베지테리안(L).트러플베지테리안(R),대구광역시 동구 안심로73길 22,053-965-1177
미스터피자,36.0822726,129.3965264,양식,트러플베지테리안(오리진엣지/L/10조각).트러플베지테리안(오리진엣지/R/8조각),경상북도 포항시 북구 천마로 63,054-248-1577
미스터피자,36.114293,128.3386819,양식,트러플베지테리안(R/오리진 엣지).트러플베지테리안(L/오리진 엣지),경상북도 구미시 신시로 71,054-451-0303
구구리제빵소,36.8183472,128.6084043,베이커리.카페,비건시 두부 브레드(저온숙성 천).비건식 현미찹쌀깜빠뉴(저온숙).비건식 현미찹쌀깜빠뉴(저온숙).비건시 두부 브레드(저온숙성 천),경상북도 영주시 대학로262번길 32,054-632-9920
미스터피자,35.84272,129.2127184,양식,트러플베지테리안(L/오리진 엣지).트러플베지테리안(R/오리진 엣지),,054-771-1492
미스터피자,35.864284,129.213202,양식,트러플베지테리안(오리진엣지/L/10조각).트러플베지테리안(오리진엣지/R/8조각),경상북도 경주시 황성로 7,054-772-1525
미스터피자,35.179942,128.559895,양식,트러플베지테리안(L).트러플베지테리안(R),경상남도 창원시 마산합포구 월영동서로 19,055-247-8544
미스터피자,35.1708434,128.8143011,양식,트러플베지테리안(R).트러플베지테리안(L),경상남도 김해시 율하2로115번길 13,055-326-7667
카페써니,35.2131904,128.8316532,카페,미니 비건 영양버거.비건 콩고기 비빔밥,경상남도 김해시 주촌면 골든루트로 80-16,055-337-9005
미스터피자,35.2257309,128.8832403,양식,트러플베지테리안(R).트러플베지테리안(L),경상남도 김해시 김해대로 2342,055-346-8282
미스터피자,35.4826228,128.7465113,양식,트러플베지테리안(R).트러플베지테리안(L),경상남도 밀양시 미리벌중앙로3길 24-17,055-356-8367
미스터피자,35.3363631,129.0284251,양식,트러플베지테리안(R).트러플베지테리안(L),경상남도 양산시 양산역4길 11,055-385-6555
미스터피자,35.151483,128.6629809,양식,트러플베지테리안(L).트러플베지테리안(R),경상남도 창원시 진해구 벚꽃로 63,055-551-2340
미스터피자,35.2752327,128.3997118,양식,트러플베지테리안(L).트러플베지테리안(R),경상남도 함안군 가야읍 함마대로 1500,055-584-0888
델리인도레스토랑,34.8944304,128.6142802,기타,채식주의 세트.VEGETARIAN 채식주의 메뉴,경상남도 거제시 장평로4길 35,055-635-3622
미스터피자,34.8589841,128.4283597,양식,트러플베지테리안(L).트러플베지테리안(R),경상남도 통영시 중앙로 321,055-644-9393
비바체,34.8890483,128.694121,양식,베지테리안,경상남도 거제시 옥포성안로 30,055-688-2015
산책,34.8882352,128.6942639,카페,베지테리언,경상남도 거제시 옥포로5길 18,055-688-6342
미스터피자,34.9378234,128.086623,양식,트러플베지테리안(R).트러플베지테리안(L),경상남도 사천시 신항로 118,055-832-9595
미스터피자,35.0745918,128.0834674,양식,트러플 베지테리안(L).트러플 베지테리안(M),경상남도 사천시 정동면 진삼로 1378,055-855-0080
미스터피자,34.8380526,127.8936293,양식,트러플베지테리안(L).트러플베지테리안(R),경상남도 남해군 남해읍 망운로 3,055-864-0077
백운식당,35.7905599,128.087613,한식,채식나물밥상,경상남도 합천군 가야면 치인1길 13-23,055-932-7393
미스터피자,35.6892338,127.9081137,양식,트러플베지테리안(R).트러플베지테리안(L),경상남도 거창군 거창읍 거열로 131,055-944-6060
수타5900,35.3025714,127.9697663,양식,베지테리안피자,경상남도 산청군 신안면 원지강변로61번길 28,055-972-5911
미스터피자,34.8108812,126.4450289,양식,트러플베지테리안(오리진/R).트러플베지테리안(오리진/L).트러플베지테리안(치즈캡/R).트러플베지테리안(치즈캡/L),전라남도 목포시 후광대로 110,061-287-7715
미스터피자,34.7410904,127.7316314,양식,트러플베지테리안(R).트러플베지테리안(L),전라남도 여수시 충무로 52,061-661-1577
미스터피자,34.9531534,127.51859,양식,트러플베지테리안(오리진엣지/L/10조각).트러플베지테리안(오리진엣지/R/8조각),전라남도 순천시 연향번영길 147,061-725-4455
알랭,35.1507558,126.9256022,양식,채식 코스,광주광역시 동구 동명로20번길 17-6,062-228-2345
대오회관,35.149871,126.9105941,한식,야채식뷔페,광주광역시 동구 구성로 148,062-232-2750
미스터피자,35.1740116,126.808656,양식,트러플베지테리안(R).트러플베지테리안(L),광주광역시 광산구 사암로 331,062-364-2800
미스터피자,35.1428807,126.8756126,양식,트러플베지테리안(L).트러플베지테리안(R),광주광역시 서구 염화로 101,062-384-0280
미스터피자,35.2048491,126.8982535,양식,트러플베지테리안(L).트러플베지테리안(R),광주광역시 북구 설죽로 512,062-571-6677
브루노피자,35.1962154,126.9016515,양식,베지테리언 피자(R/2~3인).베지테리언 피자(L/3~4인),광주광역시 북구 설죽로 416,062-571-9582
해뜨는집,35.1304691,126.8960472,한식,채식짬뽕.채식짬뽕밥.채식군만두(8개)`,광주광역시 남구 대남대로223번길 62-2,062-654-3450
슈릴리,35.1179604,126.92547,카페,비건쿠키,광주광역시 동구 용산3길 10,062-710-7550
맘스 브레드,35.8380944,127.0596511,베이커리.카페,비건샐러드(채식).비건샐러드(채식),전라북도 전주시 덕진구 기지로 70,063-224-1108
마치래빗 샐러드,35.815555,127.1049976,기타,해피비건,전라북도 전주시 완산구 홍산남로 30,063-226-1974
리스브레드,35.7976932,127.1170489,베이커리.카페,야채식빵.야채식빵,전라북도 전주시 완산구 거마평로 58,063-229-0250
토목수,35.828518,127.1634243,한식,채식보리비빔밥,전라북도 전주시 덕진구 구총목로 31,063-241-5060
피자연합,35.8431858,127.1517496,양식,베지테리안L,전라북도 전주시 덕진구 거북바우로 148,063-243-9122
아이마미따,35.8185667,127.1393971,양식,따꼬비건,전라북도 전주시 완산구 전주객사1길 46-7,063-282-1585
아이마미따,35.8185667,127.1393971,양식,따꼬비건,전라북도 전주시 완산구 전주객사1길 46-7,063-282-1585
모산방,35.9629332,126.681661,한식,알찬채식(2인이상/1인),전라북도 군산시 부원로 97-9,063-463-4411
오스트로한,35.9411756,126.7671099,양식,비건 샐러드,전라북도 군산시 옥산면 남내안길 14,063-465-6870
남한산성 하루채,35.9612027,126.9702731,한식,채식두부정식,전라북도 익산시 무왕로7길 34,063-855-9102
노매딕 브루잉 컴퍼니,35.8164209,127.1437925,기타,마리나라(비건),전라북도 전주시 완산구 전라감영3길 12-10,063-902-3924
호텔신라제주호텔천지,33.248004,126.4086913,한식,채식메뉴,제주특별자치도 서귀포시 중문관광로72번길 75,064-735-5342
미스터피자,33.4830431,126.4900849,양식,트러플베지테리안(R).트러플베지테리안(L),제주특별자치도 제주시 신광로 101,064-745-6677
라지마할,33.488279,126.4902357,기타,채식세트,제주특별자치도 제주시 신광로 43,064-749-4924
무조리실,33.5118993,126.5218309,일식,채식커리,제주특별자치도 제주시 관덕로6길 14,064-904-1999
마히나 비건 테이블,37.5236634,127.0230649,양식,비건 초콜릿 트러플 1piece.비건 초콜릿 트러플(15pcs).비건 디너롤(2oz).비건 슬라이스 치즈 추가.비건 초콜릿 트러플(6pcs),서울특별시 강남구 논현로175길 75,070-4105-5331
잘빠진메밀,37.5796715,126.9709994,한식,순 메밀 채식 막국수.순메밀채식막국수(250g),서울특별시 종로구 자하문로11길 4,070-4142-1214
먼데이오프플리즈,35.1491209,126.9231175,양식,락토오보(베지테리안)(S).락토오보(베지테리안)(L),광주광역시 동구 장동로 7,070-4191-0980
슬로스브루잉,37.493066,126.4970729,기타,비건 피자.비건 프라이즈,인천광역시 중구 영종대로 166,070-4201-9970
레니엡,37.3611713,127.1052642,양식,채식칠리콘소하.비건피칸초코쿠키.비건오일파스타.비건껌다우후.비건부리또.비건바베큐포보이.비건크런치랩.비건반미.비건멕스보울.비건칠리콘소하.채식레니엡나쵸.채식검다우후.채식칠리치즈프라이.채식멕스보울.채식부리또.채식퀘사디아.채식바베큐포보이.채식크런치랩,경기도 성남시 분당구 정자일로 121,070-4214-5791
어니언,37.5447481,127.0582071,카페,비건 밀크티,서울특별시 성동구 아차산로9길 8,070-4353-3238
잘빠진메밀,37.5740448,126.9915043,한식,순메밀 채식 막국수.순메밀 채식 막국수,서울특별시 종로구 율곡로8길 73,070-4531-1214
마치래빗샐러드,37.5203344,127.0245575,기타,해피비건,서울특별시 강남구 논현로153길 45,070-4531-4514
러브얼스,35.1564202,129.1185755,기타,스트로베리 비건 밀크티.아쌈 비건 밀크티.비건 스파이시 버거+감자튀김,부산광역시 수영구 광안로49번길 32-1,070-4647-2420
리틀프레스커피,37.5623749,126.9267687,카페,비건 소이라떼,서울특별시 마포구 성미산로 198,070-5033-0042
잇수다,36.3861643,127.3179351,카페,현미채식밥상,대전광역시 유성구 지족로364번길 19,070-7746-3355
알디프 티바,37.5558595,126.929397,카페,벨벳 클라우드 밀크티 비건 베리에이션.달콤한 나랑 갈래 비건 베리에이션,서울특별시 마포구 와우산로35길 19,070-7759-5033
커피임당,37.5193933,126.9327758,카페,비건 바나나 파운드.비건 호구마 파운드.비건 흑임자 인절미 크럼블,서울특별시 영등포구 여의대방로 394,070-8098-9755
아필립,37.5629657,126.926567,한식,비건 아이스크림,서울특별시 마포구 성미산로 191,070-8232-9740
그레이가든,37.659093,127.1279976,양식.카페,바질페스토 비건 오일파스타.바질페스토 비건 오일파스타,경기도 남양주시 두물로39번길 38,070-8737-0001
리틀오스,35.1507458,129.1137612,양식.카페,말차스콘과 트리플베리잼&비건버터(V).말차스콘과 트리플베리잼&비건버터(V),부산광역시 수영구 수영로510번길 42,070-8776-8111
미스터피자,36.3614742,127.343935,양식,트러플 베지테리안(L).트러플 베지테리안(R),대전광역시 유성구 대학로 87-1,070-8832-1277
강강수월래,37.5704169,126.8226144,한식,날치알쌈(채식메뉴),서울특별시 강서구 양천로30길 62,
아프리카커피초콜릿,35.8264164,127.1050287,카페,아프리카식채식주의샌드위치(AM8:00~),전라북도 전주시 완산구 문학대4길 28-3,
플랜티카(Plantica),35.8180111,127.1444941,기타,비건핫초코&마시멜로우(HOT),전라북도 전주시 완산구 충경로 49,
러브이즈기빙 하트베어,35.1554767,129.1182519,카페,비건 스파이시 버거+감자튀김.아쌈 비건 밀크티.스트로베리 비건 밀크티,부산광역시 수영구 광남로 159,
찰리스그로서리,37.540357,126.986864,기타,유럽음식,서울특별시 용산구 신흥로2길 7,
Deira Restaurant,35.856048,128.49299,기타,아시아 중동 음식,대구광역시 달서구 서당로9길 47,053-592-0786
Mish & mash Songdo,37.39816,126.651691,양식,뉴질랜드 영국 음식,인천광역시 연수구 컨벤시아대로 50,
Cafe 0.25,37.554584,126.966353,양식,덴마크 스웨덴 음식,서울특별시 중구 만리재로 183,02-6398-1025
마라케쉬나이트,37.534754,126.992226,양식,지중해 음식,서울특별시 용산구 이태원로19길 6-6,02-795-9441
라이너스즈바베큐 해방촌점,37.542653,126.987396,양식,북미음식,서울특별시 용산구 신흥로9길 4,02-790-2930
롸카두들 내쉬빌 핫치킨,37.534874,126.988037,양식,북미음식,서울특별시 용산구 녹사평대로40나길 9,02-798-3456
동해회수산,37.23357,127.222609,양식,북미음식,경기도 용인시 처인구 중부대로 1601,031-321-1178
이태원더버거,37.381629,126.657917,양식,북미음식,인천광역시 연수구 송도국제대로 123,032-727-2150
매니멀스모크하우스,37.534521,126.988472,양식,북미음식,서울특별시 용산구 녹사평대로40길 47,507-1412-6788
힘난다버거 미금점,37.350762,127.108309,양식,북미음식,경기도 성남시 분당구 성남대로 165,507-1472-2088
우사촌 성대점,37.297195,126.970218,양식,북미음식,경기도 수원시 장안구 화산로233번길 59,031-297-9277
리틀하노이,37.563528,126.98548,기타,베트남 음식,서울특별시 중구 명동10길 7-3,02-777-8878
메르까도 해운대점,35.161902,129.16067,기타,남미음식,부산광역시 해운대구 구남로 25,051-743-5303
까예데고미스,37.579536,126.969356,양식,스페인 음식,서울특별시 종로구 자하문로9길 34,02-772-9123
레드브릭 비스트로,37.53372,126.992159,양식,스페인 음식,서울특별시 용산구 이태원로20길 13,02-797-5635
울프하운드 아이리쉬 펍 & 레스토랑,37.534042,126.993496,양식,아일랜드 음식,서울특별시 용산구 보광로59길 10,02-749-7971
로드,37.535055,126.992989,양식,영국 음식,서울특별시 용산구 이태원로27가길 40,507-1319-7951
워킹 온 더 클라우드,37.519664,126.939909,양식,유럽음식,서울특별시 영등포구 63로 50,02-789-5904
Herzia,37.556794,126.985489,양식,이탈리아 음식,서울특별시 중구 소파로 97,02-319-5150
마노디셰프 삼성점,37.509053,127.05825,양식,이탈리아 음식,서울특별시 강남구 테헤란로87길 21,02-561-9011
아이모에나디아,37.526982,126.871394,양식,이탈리아 음식,서울특별시 양천구 목동동로 233,02-2061-0223
레스토랑 아이오유,37.535164,126.945625,양식,이탈리아 음식,서울특별시 용산구 원효로1길 16,02-3275-1151
Gino's NY Pizza Apgujeong,37.525374,127.038351,양식,이탈리아 음식,서울특별시 강남구 선릉로155길 15,02-3444-2234
h'123,37.381629,126.657917,양식,이탈리아 음식,인천광역시 연수구 송도국제대로 123,032-727-2123
그라치에,35.089025,129.061561,양식,이탈리아 음식,부산광역시 영도구 청학동로 12,070-4150-9999
엘올리브,35.17571,129.118037,양식,이탈리아 음식,부산광역시 수영구 좌수영로 129-1,051-752-7300
루니코,35.186676,129.210673,양식,이탈리아 음식,부산광역시 기장군 기장읍 당사로4길 4,051-723-2232
1914 Lounge & Bar,37.502881,127.041357,양식,이탈리아 음식,서울특별시 강남구 테헤란로 231,02-727-7640
웃사브 홍대점,37.549052,126.922429,기타,인도아시아음식,서울특별시 마포구 와우산로11길 10,02-334-9189
인디안그릴,37.564936,126.9237,기타,인도아시아음식,서울특별시 마포구 성미산로 157-6,02-336-1575
배키우동,37.564377,126.926434,일식,동아시아음식,서울특별시 마포구 동교로 281,02-334-6463
냠냠물고기,37.497007,127.120699,일식,동아시아음식,서울특별시 송파구 송파대로30길 41-21,02-448-4478
Yudakka,37.513074,127.035921,일식,동아시아음식,서울특별시 강남구 언주로 632,02-516-7012
무라사키,37.523061,127.034966,일식,동아시아음식,서울특별시 강남구 언주로152길 15-4,02-545-2276
나무이자카야,37.50572,127.048144,일식,동아시아음식,서울특별시 강남구 선릉로 517,02-557-0348
우동명가 기리야마본진,37.49713,127.030384,일식,동아시아음식,서울특별시 강남구 강남대로84길 23,02-567-0068
모즈,37.567641,126.980923,일식,동아시아음식,서울특별시 중구 다동길 30,02-768-8774
도쿄하나 잠원점,37.509612,127.009824,일식,동아시아음식,서울특별시 서초구 신반포로33길 23,02-3476-5100
미소야,37.301846,127.008237,일식,동아시아음식,경기도 수원시 장안구 경수대로 931,031-253-2089
미소야 분당금곡점,37.352405,127.105673,일식,동아시아음식,경기도 성남시 분당구 정자일로 25,031-711-4220
하나비,37.602081,126.651847,일식,동아시아음식,인천광역시 서구 봉수대로1440번안길 1,032-564-1144
아이스시,36.351164,127.373256,일식,동아시아음식,대전광역시 서구 갈마역로 5,042-471-1044
미소야 관저점,36.299313,127.339767,일식,동아시아음식,대전광역시 서구 관저로 157,042-544-8585
백소정,37.540505,127.07015,일식,동아시아음식,서울특별시 광진구 아차산로 241,507-1488-0129
홍대제면소,37.554842,126.922758,일식,동아시아음식,서울특별시 마포구 어울마당로 111,
아키나이 제면,37.56296,126.982339,일식,동아시아음식,서울특별시 중구 명동2길 8,507-1332-3210
Crystal Jade Shanghai Palace Jamwon,37.509612,127.009824,중식,동아시아음식,서울특별시 서초구 신반포로33길 23,02-532-8429
램맨양꼬치,37.394246,126.963075,중식,동아시아음식,경기도 안양시 동안구 관평로182번길 53,031-388-9792
홍복,35.116783,129.01735,중식,동아시아음식,부산광역시 서구 보수대로 254-1,051-257-9993
홍성방,35.241002,129.213149,중식,동아시아음식,부산광역시 기장군 기장읍 차성로 265,051-722-5253
락앤웍,35.159011,129.143315,중식,동아시아음식,부산광역시 해운대구 마린시티1로 9,051-744-7474
쯔란,35.868361,128.591292,중식,동아시아음식,대구광역시 중구 중앙대로77길 41,053-424-1688
남산와이너리,37.538968,126.989129,양식,포르투갈 음식,서울특별시 용산구 회나무로10길 5,02-727-5849
르쁠라,37.66774,126.784501,양식,프랑스 음식,경기도 고양시 일산동구 일산로358번길 34,070-4320-9652
